AC-CTR-001-01	04_Runtime_and_Data_Contracts.md	7619ca16a09d75d70f78a65f71cd1e859dae64c833910ceb3f46b65b5df9bb16
AC-CTR-001-02	04_Runtime_and_Data_Contracts.md	de76c570472c241e3b23231e7ac640432b111f0e2a4b638a923641f6f7e73bd3
AC-CTR-001-03	04_Runtime_and_Data_Contracts.md	4fb647d43dba6b8bbeca5b8738f03abe8aac2a609b67fe07d1ba436cd84da9b7
AC-CTR-001-04	04_Runtime_and_Data_Contracts.md	a12a2becaf1f3d846508d6524a73dfae52abedd0594ce45abe4345a2e9d2e521
AC-CTR-002-01	04_Runtime_and_Data_Contracts.md	665bae2270c82e8367951535fc5ab2415d7c7fd57eb61241cb704e6509cc43bb
AC-CTR-002-02	04_Runtime_and_Data_Contracts.md	04855ce398851f5a4a0e2f9802cb96e078b7fa8815ab72b2aa4b3d2c928b570b
AC-CTR-002-03	04_Runtime_and_Data_Contracts.md	d337c99426f4c525882181aa353e47db243deeb476317cfbd07d54199a557a1f
AC-CTR-002-04	04_Runtime_and_Data_Contracts.md	625b08f452aa745e89248a61d9254a4097d36a8ac0df1fbf1b9bec81ac66689a
AC-CTR-002-05	04_Runtime_and_Data_Contracts.md	a33ba757e4fd827e77aa3638280b1f44cbccbef9b5019696beb61909914bf342
AC-CTR-003-01	04_Runtime_and_Data_Contracts.md	49453b50a9efcb4770d9cce9f445a5d3ceacf26eb3bfc3ef5d8fe1d7ad70238c
AC-CTR-003-02	04_Runtime_and_Data_Contracts.md	eeb7de0c90436c186bb1b0680772562009bd6314304caf992f7a0f1668f4b651
AC-CTR-003-03	04_Runtime_and_Data_Contracts.md	651401ada94673f9c9cf391c1c1d7e61f33dd3ab013c1f39f86c755a82725a87
AC-CTR-003-04	04_Runtime_and_Data_Contracts.md	c5220b7a29487cab380c6427a2c82253460a60eca0419a1fe30a621fa405537b
AC-CTR-003-05	04_Runtime_and_Data_Contracts.md	4e3986d7cd672332741610176a6210256203a9a230f562040f5540f1feaae54c
AC-CTR-003-06	04_Runtime_and_Data_Contracts.md	0da53f2cecf28b6eb0ec090c1c260e87d33e9dcc8bc33baa9cce503a5ed84651
AC-CTR-004-01	04_Runtime_and_Data_Contracts.md	a990a768a186234dbc528cbdbe4cace16954227fd36428c778909ad298990719
AC-CTR-004-02	04_Runtime_and_Data_Contracts.md	230f01b123509142e82d4ae9da443b8d256accd228e291efa9581b88e4f4318b
AC-CTR-004-03	04_Runtime_and_Data_Contracts.md	ea7acf3119e06fb606d5a593b06ee2f97af47c2e0e1b6a2e8f598c63f579035c
AC-CTR-004-04	04_Runtime_and_Data_Contracts.md	e46962275a1b920da6ac43330f842cdb1811e4cce5d3873ce8dc9b865c9a5b01
AC-CTR-004-05	04_Runtime_and_Data_Contracts.md	dd0f2cb1dbb9f3416b2d33ced8a96d140850c965b5fc470d7b0e4e05a4497593
AC-CTR-005-01	04_Runtime_and_Data_Contracts.md	979baf4f57e85867af281ebfbe93d5044ddf37109a422c27a867cffa2d4ebf37
AC-CTR-005-02	04_Runtime_and_Data_Contracts.md	003c567c583d0a9fda99da075e3b54b22d3a4d69058de3f9a025c9fcab0db7c8
AC-CTR-005-03	04_Runtime_and_Data_Contracts.md	d5bdc513f2567d59f2c434503dc480f4549a97fdde31a32d510dd161dfe34efb
AC-CTR-005-04	04_Runtime_and_Data_Contracts.md	f5b787a6720ee73590caa7bfa1184eacf56eff6f6ca6e43ce0c5b249cccc4758
AC-CTR-005-05	04_Runtime_and_Data_Contracts.md	391dfb80a934e497e8de172954782d27090b6c225917e67e7e2ff3a4d6ed3e67
AC-CTR-006-01	04_Runtime_and_Data_Contracts.md	61decc402d804653288ea77699b8a57d1c10a2d3ac7bc9216013b962a8e1448b
AC-CTR-006-02	04_Runtime_and_Data_Contracts.md	7eb551b769c242b70141285e4375145b9e347991f9e4d3fec66a9be22078a089
AC-CTR-006-03	04_Runtime_and_Data_Contracts.md	715f7330cc2765fa6645a921764372ca8cd3a57b38f31e34115c5fbebc9650c0
AC-CTR-006-04	04_Runtime_and_Data_Contracts.md	a16bae41d10be8a17642c2118c462afb98e4159499533f09a1deb9653d664069
AC-CTR-006-05	04_Runtime_and_Data_Contracts.md	2de0e8932f12518acb27881f46cccdfee235d088bc9c8b0f70ab9b17a921f062
AC-CTR-007-01	04_Runtime_and_Data_Contracts.md	8614d7c6a5c111cb06c3d50096afce13c885b39e83ca67d6d412fc87cc4a4598
AC-CTR-007-02	04_Runtime_and_Data_Contracts.md	3fa8687d68500dbabac8e8e74a4de281e24aa1d05505a197d16b69c998807312
AC-CTR-007-03	04_Runtime_and_Data_Contracts.md	bdef44cde0a6fee1ae9d77f1e9352fc611bcf326b5b956a90bcbe8bbbc89fffe
AC-CTR-007-04	04_Runtime_and_Data_Contracts.md	36d22fe6f77ba418aad3948f9f69ba4277f072771bd1ff2f3fcb244ce704becd
AC-CTR-007-05	04_Runtime_and_Data_Contracts.md	351e2e0d3d71a37fa39e94749c6915a37def7ebf4ae8d8ab0eb029e118d7e662
AC-PSC-A-001-01	01_Product_and_Core_V1_Scope.md	a43eb72149f39a0a811f72bef6046aff41c66978ab691d225cd7ce1cf10587fc
AC-PSC-A-001-02	01_Product_and_Core_V1_Scope.md	f4b3ea90596034efcd69a20696dce093cb8a3001b8f88e6868a328c14235e2ee
AC-PSC-A-001-03	01_Product_and_Core_V1_Scope.md	c2741d9e0f2b9b64d3ea2f0684f7ce69adfcc27209552fb0f9a00c664816f4de
AC-PSC-A-001-04	01_Product_and_Core_V1_Scope.md	2e31624792e0d4d2b980c8e22795fa1972fbba247ec6324738632bc3e3aff2af
AC-PSC-A-001-05	01_Product_and_Core_V1_Scope.md	fc41018af3617ba9da556124cf825a6c3971df3c11288982f6029684522092be
AC-PSC-A-001-06	01_Product_and_Core_V1_Scope.md	46e733c3f424fa6d280b4c1b4d5d0840f36e12ca6e7e36953841f6bfc9968d39
AC-PSC-A-001-07	01_Product_and_Core_V1_Scope.md	686158c8090831b44ac2acaab98fc84b025db1153ac1fe1143947a52e41f11b5
AC-PSC-A-001-08	01_Product_and_Core_V1_Scope.md	659e91453e8b624751673ad808131f2f59f68d76c8f99d93aa1f8b75a4c59265
AC-WFC-A-001-01	02_User_Journeys_and_Workflows.md	affd65efce7af73e286b69480e6bb5efc1205c90b12ea13acd45cced90fffc48
AC-WFC-A-001-02	02_User_Journeys_and_Workflows.md	385bf83aa460ab22fb3c57de093b4f2c984a15c02a0ff8c11b23e911079e3b28
AC-WFC-A-001-03	02_User_Journeys_and_Workflows.md	3a5dce856f8179ed738ed693b5abb06306367b0db739ccc62c23a93dfb22b7f8
AC-WFC-A-001-04	02_User_Journeys_and_Workflows.md	a9df8e2c61bf93adc6dc102a124b2f8f87209395c98880f53947f6f5873c5275
AC-WFC-A-001-05	02_User_Journeys_and_Workflows.md	b84fa5478e7b27852e8473e9325f484ee704d951b08d70b49c797b5210197e90
AC-WFC-A-001-06	02_User_Journeys_and_Workflows.md	bb6846d17a1eb3b44c5d208d9887482f3b558807f14f0fec44cd610ae405a126
AC-WFC-A-001-07	02_User_Journeys_and_Workflows.md	a5865210ef7e83ccdc828d13c8bfdb16d55d2a1d921dee987b46364208d88f1e
CTR-001	04_Runtime_and_Data_Contracts.md	e771f178cd42f1225d095a837dc212e4faac68ad4c2fcd2428d4ddcf5f76685a
CTR-002	04_Runtime_and_Data_Contracts.md	0c0633eb445786b009681bd8faab26f6de405ab320b9a350185049ec815814bd
CTR-003	04_Runtime_and_Data_Contracts.md	0d6b9d725fe1aeaf9dc8830c0f328bf497b56d2446af68b58631628b9352df57
CTR-004	04_Runtime_and_Data_Contracts.md	d4fd5ef4be4200d225e2354cdb53e25283459e6c0d6462ef7520e1d4c29c5126
CTR-005	04_Runtime_and_Data_Contracts.md	0493df83c1c0958d5b9e9dba4d7191222f1f6841554609800163bdeab14da803
CTR-006	04_Runtime_and_Data_Contracts.md	4aa2767dd5ebc2d32ad4f678d5b411095317536753cf45f584961cc2aa24bc2f
CTR-007	04_Runtime_and_Data_Contracts.md	295fda7640401a49b4bb8ff0928fb4b32c619cbbc5c1d71662b4ede74ffcdb08
PSC-A-001	01_Product_and_Core_V1_Scope.md	8e9a06762f409925790241480d8688b471debed4445c402f54985d84b956c7ba
REQ-ARCH-001	03_Architecture_and_Decisions.md	cf1eef136783aec7e7c9330fcff90f3bbe211a32238b6ad5619875370f10f926
REQ-ARCH-002	03_Architecture_and_Decisions.md	3a062f5ca202ed332369830d3f1f22dd3677bc236f31016d48c6751c06243207
REQ-ARCH-003	03_Architecture_and_Decisions.md	b37f3f9b678c338310db93827b7773306c83ed31ad887679ffa298cb3003c4a3
REQ-ARCH-004	03_Architecture_and_Decisions.md	5e37b71c8ef934981cfa6a5f957c160aecf9ed0b9ebdd92cbaefc04d5f6151f0
REQ-ARCH-005	03_Architecture_and_Decisions.md	603ac35fcf4604827c359aa8d155c52fcc64edae1b7dfaba0978263f9858d6c5
REQ-ARCH-006	03_Architecture_and_Decisions.md	95158a69cc985e579009beb9115ff88e9306e575e6661e863507becf605f4216
REQ-ARCH-007	03_Architecture_and_Decisions.md	1839297f587656d6b4f0214ad4a79c0a7af7d2154ecc0f0229beba25af53e56a
REQ-ARCH-008	03_Architecture_and_Decisions.md	7fe4b316673f7c48d0868157dbbb255da4d0d748b0619d469253e25a97b093a5
REQ-ARCH-009	03_Architecture_and_Decisions.md	c72524aae53bd4277c196cf8d683293e1de8f30c0edad499644abcf7f1db6d00
REQ-ARCH-010	03_Architecture_and_Decisions.md	4e7d09f9d509412415cb04f2a44e08dd37fcf512fd3b05f22bee476ada2a1e72
REQ-CV1-001	01_Product_and_Core_V1_Scope.md	8ec9674125416766c1cea57ddf4f87ee58e431401ca8ea6ecd7221ce5686196f
REQ-CV1-002	01_Product_and_Core_V1_Scope.md	64418dd472263676644b1251512d5e93e5595b285429a4fb842bbf5749021214
REQ-CV1-003	01_Product_and_Core_V1_Scope.md	fdac7865d7c561933b15c249b3c5de63144c540a46f255f21040dee29c04af41
REQ-CV1-004	01_Product_and_Core_V1_Scope.md	f05fbd3c4d9de6ba2646f767bdfb98a4e8c52955aea1f36ddc7c9c3731636ba0
REQ-CV1-005	01_Product_and_Core_V1_Scope.md	bfe772bba163cfe75f0b37d144c64c5c015bd85d512034953e6bddc704b00af9
REQ-CV1-006	01_Product_and_Core_V1_Scope.md	21bcb952dc6c4017b2a97285f5e0b8c07c0dc00798b7c4ecb8b91ca723d764e0
REQ-CV1-007	01_Product_and_Core_V1_Scope.md	d20c4999b13a7818f633a14a6b48963dbd40e034351b8d4759605a23c2640e7e
REQ-CV1-008	01_Product_and_Core_V1_Scope.md	0e861386fc4707ac3fdb3341a48c6d66cbd646c3ff5513ad5fcceef736be13a7
REQ-CV1-009	01_Product_and_Core_V1_Scope.md	8c885127577546c9d4904e8db50a150ab374f1481967087c3a7fa82a9e40c74b
REQ-CV1-010	01_Product_and_Core_V1_Scope.md	34d7aba6c312f6cd6218ceac840d4d83860381a058eaf0efd98e701966fdaad9
REQ-CV1-011	01_Product_and_Core_V1_Scope.md	a198d2a76eac9c08f1fe95d83eb7f83812bff02625cdcf7e4b4bad11583801ee
REQ-CV1-012	01_Product_and_Core_V1_Scope.md	68fd0cb4f647b449922ce35c5e81bc6e2858f03406c46ddf82b1d77fc02e3eba
REQ-WF-001	02_User_Journeys_and_Workflows.md	2f9547bfd9792c1afbc92dffe052f609fcdac213a562fbb2cbc983b150a6308a
REQ-WF-002	02_User_Journeys_and_Workflows.md	9361c449f7b4b1d7a025488ce688222be5d3a753ee4cbc9c7732ef5da1e44b28
REQ-WF-003	02_User_Journeys_and_Workflows.md	f08f003446e4a7d7758dddf12850c9a64a5af041c337b569e64cd7d674c225cf
REQ-WF-004	02_User_Journeys_and_Workflows.md	a1778e87069780c7d80ea3ce078a4e995133b46ecb40b699b359a99b06ed44fb
REQ-WF-005	02_User_Journeys_and_Workflows.md	7c7656f4c05c8d01e508231477977470adb0e47063ac91981f4b4266d1cbc0a4
REQ-WF-006	02_User_Journeys_and_Workflows.md	a151e23fb857b65f276013e23e3de2ebe548de754edaaea792d30d59b3ca73db
REQ-WF-007	02_User_Journeys_and_Workflows.md	e78aedec494138dd52530e6f5782ae09a57a0b455de19f52692224feac94ecf0
REQ-WF-008	02_User_Journeys_and_Workflows.md	895470a1ce4ff57823971d076317a62cf6edd18f54e5dc5451a093cc63902953
REQ-WF-009	02_User_Journeys_and_Workflows.md	3f496ef9f9f3b47968a259f7d78c1231c06a2cfb8409be7aacbe9c7d768fd1c3
REQ-WF-010	02_User_Journeys_and_Workflows.md	7b56d05d1b50a79abc523fe79f381a9183adb64cb04747d8b6b9e2e7071529bd
SCN-001	05_Quality_Recovery_and_Security.md	d4a56162bf0396d1bd74506a75eafc83be1ab16e3dca0b54b305de6a9a5b54b5
SCN-002	05_Quality_Recovery_and_Security.md	8e443d18a85e9892340d3fcd39e12ef5493e1c244cc060699abb5330aa869c04
SCN-003	05_Quality_Recovery_and_Security.md	d559645da99a1ffbc4dc850eaf10ea9d25dfac3491d424efc57baa7ff820127b
SCN-004	05_Quality_Recovery_and_Security.md	4c5c5b2ff8e6106b4d295988b9628ab0cbc2b1c7badb172f8d27dc9b9bf9b3f5
SCN-005	05_Quality_Recovery_and_Security.md	27a431cad52fad4c9c539c03d965b84a1ae9f390f99760a0c6fa40640df347aa
SCN-006	05_Quality_Recovery_and_Security.md	42acdeb4b42385d39ec5d068f55eced35c0ce851debe26f1a7a7e0db62ba4a8f
SCN-007	05_Quality_Recovery_and_Security.md	de4f9b52c06e474d5de781e1568972c9542362e82fcea77b09211d227c863fd2
SCN-008	05_Quality_Recovery_and_Security.md	aafe65c02f92bbf15de3437cba9ba20a9ba2185b80429b56419f6efb1abd0302
SCN-009	05_Quality_Recovery_and_Security.md	2a87bf8603dd456d22fae34d28a0f433c5ada3b05af3b47f2bb0678d9617a8cc
SCN-010	05_Quality_Recovery_and_Security.md	54e37217df3b78600d23c889ba66580ed2050f312a9864c81018cc358231ce11
SCN-011	05_Quality_Recovery_and_Security.md	145a72d96f0213953a90eed84208ebe0a5f0d9995994c5435592199cb3253573
SCN-012	05_Quality_Recovery_and_Security.md	1840064344ec65b7e6147bf7e748d803f62a9dac3b5c11168f18770b63f02c48
SCN-013	05_Quality_Recovery_and_Security.md	8e57aa7713e3794c9e6b5c67b33a873f4e799991031b2133c20c838a6e36b50f
SCN-014	05_Quality_Recovery_and_Security.md	ca3f446c0dab1eebe6729a0e615ee897aa03dde36e3c06ee58a4604a9159a07d
SCN-015	05_Quality_Recovery_and_Security.md	7391b7977f98694ad21cf700645d78ba86da2284d05a48cae04a7a038f018dc6
SCN-016	05_Quality_Recovery_and_Security.md	acde8313977073e5c0ef8e8615256fbd6cee8ce5f20539d082933487b369052e
SCN-017	05_Quality_Recovery_and_Security.md	46f88c75a2c2e10c2caad7b8292fb7415354b7a8d307c6f8370b586db6bb13d0
SCN-018	05_Quality_Recovery_and_Security.md	9e67bd814d829953bc5bcf9bd533cc3a02fd1ccc9f2cd4fd7e967781e5d099a5
SCN-019	05_Quality_Recovery_and_Security.md	e2b1622cbd5565744b8adae69c32c75084634b9760c8381b761f09b1f0caa747
SCN-020	05_Quality_Recovery_and_Security.md	9bbfc4677121f9d5e85b03a113ce863649224506846aa8db43cdd104898363f0
SCN-021	05_Quality_Recovery_and_Security.md	aeb4b74474bab5224a5cc3f6f4bd60e154854b3d272ae783e9d005b93a2ccb28
SCN-022	05_Quality_Recovery_and_Security.md	d4d36a15a55652c444f81a88c51cfcb2b5abb7446234434f1947048b5b08b9c2
SCN-023	05_Quality_Recovery_and_Security.md	37e3b90354bf6f75467ebc46c36124a0bde579262186703307e39e9e729ec9c6
SCN-024	05_Quality_Recovery_and_Security.md	caaa76891bd5fe3ccb9f1fd24e028313ed8cca5c721aa970e45321b35a38b150
SCN-025	05_Quality_Recovery_and_Security.md	0c9f4adb92737646f269d68abd1be28c9d4003e5c253ba6412a688843fce9303
SCN-026	05_Quality_Recovery_and_Security.md	58cc2ac0e355f22e6fe64ad83310dd65c87821fbc27ade74e7e3db2717f15813
SCN-027	05_Quality_Recovery_and_Security.md	b2e03219fc02f835bdd7a89f88d0d387b5a364b4b8bfb2031a2311da006c1dc2
SCN-028	05_Quality_Recovery_and_Security.md	4b11e8f5fb79a1d2f98d43cdec2922a90a5a542df69a1fa1c5de1a78261d6af4
SCN-029	05_Quality_Recovery_and_Security.md	1332f695e5979abdd62c1d3e4b5ab9c80db54328f38c103ee70fa6d4118b785c
SCN-030	05_Quality_Recovery_and_Security.md	370133b9b63046b7228cd28a9927d610228f740a74bd34aff2f6bf8e44bd1bab
SCN-031	05_Quality_Recovery_and_Security.md	ad2305e758e1e220fff258ec2bcdf870ee1bbb36ccd6f58af2bc87941b3b7d65
SCN-032	05_Quality_Recovery_and_Security.md	942c5468d192c97969bd10e4509140141ea060250f883d82aa4fecd6e57e551f
SCN-033	05_Quality_Recovery_and_Security.md	af632f5beae88b0ee9cba1ca7e1a553be43760912d649b52370969682ac06369
SCN-034	05_Quality_Recovery_and_Security.md	8016cf6a28383ed38da38b64b0f1f520fa7898a16156a4eccd37258a97b28f35
SCN-035	05_Quality_Recovery_and_Security.md	6503249509bf9c8ead43a62c8cca37917987be8272d6bdb34a9c712def22370a
SCN-036	05_Quality_Recovery_and_Security.md	423a13674093f55d91c88fd088ac4f0bfe2f74564bd177ae083b2972d3173847
SCN-037	05_Quality_Recovery_and_Security.md	d6b3b1ca0a58b9461f234f5eac055f8bcc05a1083345efb76f321c0bf9a37179
SCN-038	05_Quality_Recovery_and_Security.md	1ce2d708de25139a7c341e028c8d02382eb64c9efbdb112ae968fa6a3f4d9028
SCN-039	05_Quality_Recovery_and_Security.md	afe960efe99612ef7228c7fae4b9029d27394f08bf43d6a7bcf610083b3b43e8
SCN-040	05_Quality_Recovery_and_Security.md	a442c0d9bcc9f1cf84dbbe1c5d4dfd2fba0003002914158b099e9f18d88d52a7
SCN-041	05_Quality_Recovery_and_Security.md	9873c29d4e412d0a2b8feaf7958ab3508c70220426327813a9059e38fcd50eac
SCN-042	05_Quality_Recovery_and_Security.md	2b9e82aef37f96d24b6637b4c5dda9462bfc7a644cbbcb55a92bca3773283500
SCN-043	05_Quality_Recovery_and_Security.md	11219eea9baaab4cf490121002df6a75d6148c70997fbaa5637829aea30c7f8d
SCN-044	05_Quality_Recovery_and_Security.md	70a545b3a9051b871eb54e8db3862fba7ad4f0ebfd3cb43cfe45c5dd4be19a40
WFC-A-001	02_User_Journeys_and_Workflows.md	6c4c88f25e895f6e438103f9aca605aaf0fd86ea8725d0ddbb967ca07d36c3d4
WFC-B-001	02_User_Journeys_and_Workflows.md	f58f25ff5cec5007d938f8298c5ad8f9971a2809fe134b10f3523baa747b8bfd
WFC-C-001	02_User_Journeys_and_Workflows.md	c6142cce86ae03a168698e5340ca7eb7c9aaf345e4fb41f05e59b49eb6253e6c
